email,password
jbutt@gmail.com,James
josephine_darakjy@darakjy.org,Josephine
art@venere.org,Art
lpaprocki@hotmail.com,Lenna
donette.foller@cox.net,Donette
simona@morasca.com,Simona
mitsue_tollner@yahoo.com,Mitsue
leota@hotmail.com,Leota
sage_wieser@cox.net,Sage
kris@gmail.com,Kris
minna_amigon@yahoo.com,Minna
amaclead@gmail.com,Abel
kiley.caldarera@aol.com,Kiley
gruta@cox.net,Graciela
calbares@gmail.com,Cammy
mattie@aol.com,Mattie
meaghan@hotmail.com,Meaghan
gladys.rim@rim.org,Gladys
yuki_whobrey@aol.com,Yuki
fletcher.flosi@yahoo.com,Fletcher
bette_nicka@cox.net,Bette
vinouye@aol.com,Veronika
willard@hotmail.com,Willard
mroyster@royster.com,Maryann
alisha@slusarski.com,Alisha
allene_iturbide@cox.net,Allene
chanel.caudy@caudy.org,Chanel
ezekiel@chui.com,Ezekiel
wkusko@yahoo.com,Willow
bfigeroa@aol.com,Bernardo
ammie@corrio.com,Ammie
francine_vocelka@vocelka.com,Francine
ernie_stenseth@aol.com,Ernie
albina@glick.com,Albina
asergi@gmail.com,Alishia
solange@shinko.com,Solange
jose@yahoo.com,Jose
rozella.ostrosky@ostrosky.com,Rozella
valentine_gillian@gmail.com,Valentine
kati.rulapaugh@hotmail.com,Kati
youlanda@aol.com,Youlanda
doldroyd@aol.com,Dyan
roxane@hotmail.com,Roxane
lperin@perin.org,Lavera
erick.ferencz@aol.com,Erick
fsaylors@saylors.org,Fatima
jina_briddick@briddick.com,Jina
kanisha_waycott@yahoo.com,Kanisha
emerson.bowley@bowley.org,Emerson
bmalet@yahoo.com,Blair
bbolognia@yahoo.com,Brock
lnestle@hotmail.com,Lorrie
sabra@uyetake.org,Sabra
mmastella@mastella.com,Marjory
karl_klonowski@yahoo.com,Karl
twenner@aol.com,Tonette
amber_monarrez@monarrez.org,Amber
shenika@gmail.com,Shenika
delmy.ahle@hotmail.com,Delmy
deeanna_juhas@gmail.com,Deeanna
bpugh@aol.com,Blondell
jamal@vanausdal.org,Jamal
cecily@hollack.org,Cecily
carmelina_lindall@lindall.com,Carmelina
maurine_yglesias@yglesias.com,Maurine
tawna@gmail.com,Tawna
penney_weight@aol.com,Penney
elly_morocco@gmail.com,Elly
ilene.eroman@hotmail.com,Ilene
vmondella@mondella.com,Vallie
kallie.blackwood@gmail.com,Kallie
johnetta_abdallah@aol.com,Johnetta
brhym@rhym.com,Bobbye
micaela_rhymes@gmail.com,Micaela
tamar@hotmail.com,Tamar
moon@yahoo.com,Moon
laurel_reitler@reitler.com,Laurel
delisa.crupi@crupi.com,Delisa
viva.toelkes@gmail.com,Viva
elza@yahoo.com,Elza
devorah@hotmail.com,Devorah
timothy_mulqueen@mulqueen.org,Timothy
ahoneywell@honeywell.com,Arlette
dominque.dickerson@dickerson.org,Dominque
lettie_isenhower@yahoo.com,Lettie
mmunns@cox.net,Myra
stephaine@barfield.com,Stephaine
lai.gato@gato.org,Lai
stephen_emigh@hotmail.com,Stephen
tshields@gmail.com,Tyra
twardrip@cox.net,Tammara
cory.gibes@gmail.com,Cory
danica_bruschke@gmail.com,Danica
wilda@cox.net,Wilda
elvera.benimadho@cox.net,Elvera
carma@cox.net,Carma
malinda.hochard@yahoo.com,Malinda
natalie.fern@hotmail.com,Natalie
lisha@centini.org,Lisha
arlene_klusman@gmail.com,Arlene
alease@buemi.com,Alease
louisa@cronauer.com,Louisa
angella.cetta@hotmail.com,Angella
cgoldammer@cox.net,Cyndy
rosio.cork@gmail.com,Rosio
ckorando@hotmail.com,Celeste
twana.felger@felger.org,Twana
estrella@aol.com,Estrella
dkines@hotmail.com,Donte
tiffiny_steffensmeier@cox.net,Tiffiny
emiceli@miceli.org,Edna
sue@aol.com,Sue
jshin@shin.com,Jesusa
rolland@cox.net,Rolland
pamella.schmierer@schmierer.org,Pamella
gkulzer@kulzer.org,Glory
shawna_palaspas@palaspas.org,Shawna
brandon_callaro@hotmail.com,Brandon
scarlet.cartan@yahoo.com,Scarlet
oretha_menter@yahoo.com,Oretha
tsmith@aol.com,Ty
xuan@gmail.com,Xuan
lindsey.dilello@hotmail.com,Lindsey
devora_perez@perez.org,Devora
hdemesa@cox.net,Herman
rpapasergi@cox.net,Rory
talia_riopelle@aol.com,Talia
van.shire@shire.com,Van
lucina_lary@cox.net,Lucina
bok.isaacs@aol.com,Bok
rolande.spickerman@spickerman.com,Rolande
hpaulas@gmail.com,Howard
kimbery_madarang@cox.net,Kimbery
thurman.manno@yahoo.com,Thurman
becky.mirafuentes@mirafuentes.com,Becky
beatriz@yahoo.com,Beatriz
marti.maybury@yahoo.com,Marti
nieves_gotter@gmail.com,Nieves
lhagele@cox.net,Leatha
vklimek@klimek.org,Valentin
melissa@cox.net,Melissa
sheridan.zane@zane.com,Sheridan
bulah_padilla@hotmail.com,Bulah
audra@kohnert.com,Audra
dweirather@aol.com,Daren
fjillson@aol.com,Fernanda
gearldine_gellinger@gellinger.com,Gearldine
chau@gmail.com,Chau
theola_frey@frey.com,Theola
cheryl@haroldson.org,Cheryl
lmerced@gmail.com,Laticia
carissa.batman@yahoo.com,Carissa
lezlie.craghead@craghead.org,Lezlie
oshealy@hotmail.com,Ozell
arminda@parvis.com,Arminda
reita.leto@gmail.com,Reita
yolando@cox.net,Yolando
lizette.stem@aol.com,Lizette
gpawlowicz@yahoo.com,Gregoria
cdeleo@deleo.com,Carin
chantell@yahoo.com,Chantell
dyum@yahoo.com,Dierdre
larae_gudroe@gmail.com,Larae
latrice.tolfree@hotmail.com,Latrice
kerry.theodorov@gmail.com,Kerry
dhidvegi@yahoo.com,Dorthy
fannie.lungren@yahoo.com,Fannie
evangelina@aol.com,Evangelina
novella_degroot@degroot.org,Novella
choa@hoa.org,Clay
jfallick@yahoo.com,Jennifer
irma.wolfgramm@hotmail.com,Irma
eun@yahoo.com,Eun
sylvia_cousey@cousey.org,Sylvia
nana@aol.com,Nana
layla.springe@cox.net,Layla
joesph_degonia@degonia.org,Joesph
annabelle.boord@cox.net,Annabelle
stephaine@cox.net,Stephaine
nelida@gmail.com,Nelida
marguerita.hiatt@gmail.com,Marguerita
ccookey@cookey.org,Carmela
jbrideau@aol.com,Junita
claribel_varriano@cox.net,Claribel
benton.skursky@aol.com,Benton
hillary.skulski@aol.com,Hillary
merilyn_bayless@cox.net,Merilyn
tennaco@gmail.com,Teri
merlyn_lawler@hotmail.com,Merlyn
gmontezuma@cox.net,Georgene
jmconnell@hotmail.com,Jettie
lemuel.latzke@gmail.com,Lemuel
mknipp@gmail.com,Melodie
candida_corbley@hotmail.com,Candida
karan_karpin@gmail.com,Karan
andra@gmail.com,Andra
fpoullion@poullion.com,Felicidad
belen_strassner@aol.com,Belen
gracia@melnyk.com,Gracia
jhanafan@gmail.com,Jolanda
barrett.toyama@toyama.org,Barrett
helga_fredicks@yahoo.com,Helga
apinilla@cox.net,Ashlyn
fausto_agramonte@yahoo.com,Fausto
ronny.caiafa@caiafa.org,Ronny
marge@gmail.com,Marge
norah.waymire@gmail.com,Norah
aliza@aol.com,Aliza
mpelkowski@pelkowski.org,Mozell
viola@gmail.com,Viola
femard@emard.com,Franklyn
willodean_konopacki@konopacki.org,Willodean
beckie.silvestrini@silvestrini.com,Beckie
rgesick@gesick.org,Rebecka
frederica_blunk@gmail.com,Frederica
glen_bartolet@hotmail.com,Glen
freeman_gochal@aol.com,Freeman
vincent.meinerding@hotmail.com,Vincent
rima@cox.net,Rima
gsarbacher@gmail.com,Glendora
avery@cox.net,Avery
cristy@lother.com,Cristy
nicolette_brossart@brossart.com,Nicolette
tracey@hotmail.com,Tracey
virgina_tegarden@tegarden.com,Virgina
tfrankel@aol.com,Tiera
alaine_bergesen@cox.net,Alaine
earleen_mai@cox.net,Earleen
leonida@gobern.org,Leonida
ressie.auffrey@yahoo.com,Ressie
jmugnolo@yahoo.com,Justine
eladia@saulter.com,Eladia
chaya@malvin.com,Chaya
gwenn_suffield@suffield.org,Gwenn
skarpel@cox.net,Salena
yoko@fishburne.com,Yoko
taryn.moyd@hotmail.com,Taryn
katina_polidori@aol.com,Katina
rickie.plumer@aol.com,Rickie
alex@loader.com,Alex
lashon@aol.com,Lashon
lburnard@burnard.com,Lauran
ceola.setter@setter.org,Ceola
my@hotmail.com,My
lorrine.worlds@worlds.com,Lorrine
peggie@cox.net,Peggie
mraymo@yahoo.com,Marvel
daron_dinos@cox.net,Daron
an_fritz@hotmail.com,An
portia.stimmel@aol.com,Portia
rhea_aredondo@cox.net,Rhea
bsama@cox.net,Benedict
alyce@arias.org,Alyce
heike@gmail.com,Heike
carey_dopico@dopico.org,Carey
dottie@hellickson.org,Dottie
deandrea@yahoo.com,Deandrea
kimberlie_duenas@yahoo.com,Kimberlie
martina_staback@staback.com,Martina
skye_fillingim@yahoo.com,Skye
jade.farrar@yahoo.com,Jade
charlene.hamilton@hotmail.com,Charlene
geoffrey@gmail.com,Geoffrey
stevie.westerbeck@yahoo.com,Stevie
pamella@fortino.com,Pamella
hhaufler@hotmail.com,Harrison
jengelberg@engelberg.org,Johnna
buddy.cloney@yahoo.com,Buddy
dalene.riden@aol.com,Dalene
jzurcher@zurcher.org,Jerry
hdenooyer@denooyer.org,Haydee
joseph_cryer@cox.net,Joseph
deonna_kippley@hotmail.com,Deonna
raymon.calvaresi@gmail.com,Raymon
alecia@aol.com,Alecia
mlayous@hotmail.com,Ma
detra@aol.com,Detra
terrilyn.rodeigues@cox.net,Terrilyn
slacovara@gmail.com,Salome
garry_keetch@hotmail.com,Garry
mneither@yahoo.com,Matthew
theodora.restrepo@restrepo.com,Theodora
noah.kalafatis@aol.com,Noah
csweigard@sweigard.com,Carmen
lavonda@cox.net,Lavonda
junita@aol.com,Junita
herminia@nicolozakes.org,Herminia
casie.good@aol.com,Casie
reena@hotmail.com,Reena
mirta_mallett@gmail.com,Mirta
cathrine.pontoriero@pontoriero.com,Cathrine
ftawil@hotmail.com,Filiberto
rupthegrove@yahoo.com,Raul
sarah.candlish@gmail.com,Sarah
lucy@cox.net,Lucy
jaquas@aquas.com,Judy
yvonne.tjepkema@hotmail.com,Yvonne
kayleigh.lace@yahoo.com,Kayleigh
felix_hirpara@cox.net,Felix
tresa_sweely@hotmail.com,Tresa
kristeen@gmail.com,Kristeen
jregusters@regusters.com,Jenelle
renea@hotmail.com,Renea
olive@aol.com,Olive
lreiber@cox.net,Ligia
christiane.eschberger@yahoo.com,Christiane
goldie.schirpke@yahoo.com,Goldie
loreta.timenez@hotmail.com,Loreta
fabiola.hauenstein@hauenstein.org,Fabiola
amie.perigo@yahoo.com,Amie
raina.brachle@brachle.org,Raina
erinn.canlas@canlas.com,Erinn
cherry@lietz.com,Cherry
kattie@vonasek.org,Kattie
lilli@aol.com,Lilli
whitley.tomasulo@aol.com,Whitley
badkin@hotmail.com,Barbra
hermila_thyberg@hotmail.com,Hermila
jesusita.flister@hotmail.com,Jesusita
caitlin.julia@julia.org,Caitlin
roosevelt.hoffis@aol.com,Roosevelt
hhalter@yahoo.com,Helaine
lorean.martabano@hotmail.com,Lorean
france.buzick@yahoo.com,France
jferrario@hotmail.com,Justine
adelina_nabours@gmail.com,Adelina
ddhamer@cox.net,Derick
jerry.dallen@yahoo.com,Jerry
leota.ragel@gmail.com,Leota
jamyot@hotmail.com,Jutta
aja_gehrett@hotmail.com,Aja
kirk.herritt@aol.com,Kirk
leonora@yahoo.com,Leonora
winfred_brucato@hotmail.com,Winfred
tarra.nachor@cox.net,Tarra
corinne@loder.org,Corinne
dulce_labreche@yahoo.com,Dulce
kate_keneipp@yahoo.com,Kate
kaitlyn.ogg@gmail.com,Kaitlyn
sherita.saras@cox.net,Sherita
lstuer@cox.net,Lashawnda
ernest@cox.net,Ernest
nobuko.halsey@yahoo.com,Nobuko
lavonna.wolny@hotmail.com,Lavonna
llizama@cox.net,Lashaunda
mariann.bilden@aol.com,Mariann
helene@aol.com,Helene
roselle.estell@hotmail.com,Roselle
sheintzman@hotmail.com,Samira
margart_meisel@yahoo.com,Margart
kristofer.bennick@yahoo.com,Kristofer
wacuff@gmail.com,Weldon
shalon@cox.net,Shalon
denise@patak.org,Denise
louvenia.beech@beech.com,Louvenia
audry.yaw@yaw.org,Audry
kristel.ehmann@aol.com,Kristel
vzepp@gmail.com,Vincenza
egwalthney@yahoo.com,Elouise
venita_maillard@gmail.com,Venita
kasandra_semidey@semidey.com,Kasandra
xdiscipio@gmail.com,Xochitl
mlinahan@yahoo.com,Maile
krauser@cox.net,Krissy
pdubaldi@hotmail.com,Pete
linn_paa@paa.com,Linn
paris@hotmail.com,Paris
wynell_dorshorst@dorshorst.org,Wynell
qbirkner@aol.com,Quentin
regenia.kannady@cox.net,Regenia
sheron@aol.com,Sheron
izetta.funnell@hotmail.com,Izetta
rodolfo@hotmail.com,Rodolfo
zona@hotmail.com,Zona
szagen@aol.com,Serina
paz_sahagun@cox.net,Paz
markus@yahoo.com,Markus
jaclyn@aol.com,Jaclyn
cyril_daufeldt@daufeldt.com,Cyril
gschnitzler@gmail.com,Gayla
erick_nievas@aol.com,Erick
jennie@cox.net,Jennie
mscipione@scipione.com,Mitsue
cventura@yahoo.com,Ciara
galen@yahoo.com,Galen
tfeichtner@yahoo.com,Truman
gail@kitty.com,Gail
dalene@schoeneck.org,Dalene
gertude.witten@gmail.com,Gertude
lizbeth@yahoo.com,Lizbeth
gberray@gmail.com,Glenn
lashandra@yahoo.com,Lashandra
lnewville@newville.com,Lenna
laurel@yahoo.com,Laurel
mireya.frerking@hotmail.com,Mireya
annelle@yahoo.com,Annelle
dean_ketelsen@gmail.com,Dean
levi.munis@gmail.com,Levi
sylvie@aol.com,Sylvie
sharee_maile@aol.com,Sharee
cordelia_storment@aol.com,Cordelia
mollie_mcdoniel@yahoo.com,Mollie
brett.mccullan@mccullan.com,Brett
teddy_pedrozo@aol.com,Teddy
tasia_andreason@yahoo.com,Tasia
hubert@walthall.org,Hubert
arthur.farrow@yahoo.com,Arthur
vberlanga@berlanga.com,Vilma
billye_miro@cox.net,Billye
glenna_slayton@cox.net,Glenna
mitzie_hudnall@yahoo.com,Mitzie
bernardine_rodefer@yahoo.com,Bernardine
staci_schmaltz@aol.com,Staci
nichelle_meteer@meteer.com,Nichelle
jrhoden@yahoo.com,Janine
ettie.hoopengardner@hotmail.com,Ettie
eden_jayson@yahoo.com,Eden
lynelle_auber@gmail.com,Lynelle
merissa.tomblin@gmail.com,Merissa
golda_kaniecki@yahoo.com,Golda
catarina_gleich@hotmail.com,Catarina
vkiel@hotmail.com,Virgie
jolene@yahoo.com,Jolene
keneth@yahoo.com,Keneth
rikki@nayar.com,Rikki
elke_sengbusch@yahoo.com,Elke
hoa@sarao.org,Hoa
trinidad_mcrae@yahoo.com,Trinidad
mari_lueckenbach@yahoo.com,Mari
selma.husser@cox.net,Selma
aonofrio@onofrio.com,Antione
ljurney@hotmail.com,Luisa
clorinda.heimann@hotmail.com,Clorinda
dick@yahoo.com,Dick
ahmed.angalich@angalich.com,Ahmed
iluminada.ohms@yahoo.com,Iluminada
joanna_leinenbach@hotmail.com,Joanna
caprice@aol.com,Caprice
stephane_myricks@cox.net,Stephane
quentin_swayze@yahoo.com,Quentin
annmarie_castros@gmail.com,Annmarie
shonda_greenbush@cox.net,Shonda
clapage@lapage.com,Cecil
jeanice.claucherty@yahoo.com,Jeanice
josphine_villanueva@villanueva.com,Josphine
dperruzza@perruzza.com,Daniel
cassi.wildfong@aol.com,Cassi
britt@galam.org,Britt
adell.lipkin@lipkin.com,Adell
jacqueline.rowling@yahoo.com,Jacqueline
lonny_weglarz@gmail.com,Lonny
lonna_diestel@gmail.com,Lonna
cristal@cox.net,Cristal
kenneth.grenet@grenet.org,Kenneth
emclaird@mclaird.com,Elli
ajeanty@gmail.com,Alline
sharika.eanes@aol.com,Sharika
nu@gmail.com,Nu
dcomnick@cox.net,Daniela
cecilia_colaizzo@colaizzo.com,Cecilia
leslie@cox.net,Leslie
nan@koppinger.com,Nan
idewar@dewar.com,Izetta
tegan.arceo@arceo.org,Tegan
ruthann@hotmail.com,Ruthann
joni_breland@cox.net,Joni
vrentfro@cox.net,Vi
colette.kardas@yahoo.com,Colette
malcolm_tromblay@cox.net,Malcolm
ryan@cox.net,Ryan
jess.chaffins@chaffins.org,Jess
sbourbon@yahoo.com,Sharen
nickolas_juvera@cox.net,Nickolas
gary_nunlee@nunlee.org,Gary
diane@cox.net,Diane
roslyn.chavous@chavous.org,Roslyn
glory@yahoo.com,Glory
rasheeda@aol.com,Rasheeda
alpha@yahoo.com,Alpha
refugia.jacobos@jacobos.com,Refugia
shawnda.yori@yahoo.com,Shawnda
mdelasancha@hotmail.com,Mona
gilma_liukko@gmail.com,Gilma
jgabisi@hotmail.com,Janey
lili.paskin@cox.net,Lili
loren.asar@aol.com,Loren
dorothy@cox.net,Dorothy
gail_similton@similton.com,Gail
catalina@hotmail.com,Catalina
lawrence.lorens@hotmail.com,Lawrence
carlee.boulter@hotmail.com,Carlee
tankeny@ankeny.org,Thaddeus
joles@gmail.com,Jovita
alesia_hixenbaugh@hixenbaugh.org,Alesia
lai@gmail.com,Lai
bgillaspie@gillaspie.com,Brittni
rkampa@kampa.org,Raylene
flo.bookamer@cox.net,Flo
jbiddy@yahoo.com,Jani
chauncey_motley@aol.com,Chauncey
